{
    "require_version" : "4.2",
    "directory": [],
    "sql_file": "",
    "files": [
      {
          "root_directory"    : "update/update_4.3/application/views/frontend/default/profile_menus.php",
          "update_directory"  : "application/views/frontend/default/profile_menus.php"
      },
      {
          "root_directory"    : "update/update_4.3/application/controllers/Admin.php",
          "update_directory"  : "application/controllers/Admin.php"
      },
      {
          "root_directory"    : "update/update_4.3/application/controllers/Api.php",
          "update_directory"  : "application/controllers/Api.php"
      },
      {
          "root_directory"    : "update/update_4.3/application/controllers/Home.php",
          "update_directory"  : "application/controllers/Home.php"
      },
      {
          "root_directory"    : "update/update_4.3/application/controllers/Login.php",
          "update_directory"  : "application/controllers/Login.php"
      },
      {
          "root_directory"    : "update/update_4.3/application/helpers/common_helper.php",
          "update_directory"  : "application/helpers/common_helper.php"
      },
      {
          "root_directory"    : "update/update_4.3/application/helpers/multi_language_helper.php",
          "update_directory"  : "application/helpers/multi_language_helper.php"
      },
      {
          "root_directory"    : "update/update_4.3/application/models/Api_model.php",
          "update_directory"  : "application/models/Api_model.php"
      },
      {
          "root_directory"    : "update/update_4.3/application/models/Crud_model.php",
          "update_directory"  : "application/models/Crud_model.php"
      },
      {
          "root_directory"    : "update/update_4.3/application/models/Email_model.php",
          "update_directory"  : "application/models/Email_model.php"
      },
      {
          "root_directory"    : "update/update_4.3/application/models/Payment_model.php",
          "update_directory"  : "application/models/Payment_model.php"
      },
      {
          "root_directory"    : "update/update_4.3/application/models/User_model.php",
          "update_directory"  : "application/models/User_model.php"
      },
      {
          "root_directory"    : "update/update_4.3/application/views/backend/admin/frontend_settings.php",
          "update_directory"  : "application/views/backend/admin/frontend_settings.php"
      },
      {
          "root_directory"    : "update/update_4.3/application/views/backend/admin/invoice.php",
          "update_directory"  : "application/views/backend/admin/invoice.php"
      },
      {
          "root_directory"    : "update/update_4.3/application/views/backend/admin/navigation.php",
          "update_directory"  : "application/views/backend/admin/navigation.php"
      },
      {
          "root_directory"    : "update/update_4.3/application/views/backend/admin/paypal_checkout_for_instructor_revenue.php",
          "update_directory"  : "application/views/backend/admin/paypal_checkout_for_instructor_revenue.php"
      },
      {
          "root_directory"    : "update/update_4.3/application/views/backend/admin/stripe_checkout_for_instructor_revenue.php",
          "update_directory"  : "application/views/backend/admin/stripe_checkout_for_instructor_revenue.php"
      },
      {
          "root_directory"    : "update/update_4.3/application/views/backend/header.php",
          "update_directory"  : "application/views/backend/header.php"
      },
      {
          "root_directory"    : "update/update_4.3/application/views/backend/includes_top.php",
          "update_directory"  : "application/views/backend/includes_top.php"
      },
      {
          "root_directory"    : "update/update_4.3/application/views/email/common_template.php",
          "update_directory"  : "application/views/email/common_template.php"
      },
      {
          "root_directory"    : "update/update_4.3/application/views/email/email_verification.php",
          "update_directory"  : "application/views/email/email_verification.php"
      },
      {
          "root_directory"    : "update/update_4.3/application/views/frontend/default/category_wise_course_list_layout.php",
          "update_directory"  : "application/views/frontend/default/category_wise_course_list_layout.php"
      },
      {
          "root_directory"    : "update/update_4.3/application/views/frontend/default/course_page.php",
          "update_directory"  : "application/views/frontend/default/course_page.php"
      },
      {
          "root_directory"    : "update/update_4.3/application/views/frontend/default/course_search_page.php",
          "update_directory"  : "application/views/frontend/default/course_search_page.php"
      },
      {
          "root_directory"    : "update/update_4.3/application/views/frontend/default/footer.php",
          "update_directory"  : "application/views/frontend/default/footer.php"
      },
      {
          "root_directory"    : "update/update_4.3/application/views/frontend/default/home.php",
          "update_directory"  : "application/views/frontend/default/home.php"
      },
      {
          "root_directory"    : "update/update_4.3/application/views/frontend/default/index.php",
          "update_directory"  : "application/views/frontend/default/index.php"
      },
      {
          "root_directory"    : "update/update_4.3/application/views/frontend/default/invoice.php",
          "update_directory"  : "application/views/frontend/default/invoice.php"
      },
      {
          "root_directory"    : "update/update_4.3/application/views/frontend/default/logged_in_header.php",
          "update_directory"  : "application/views/frontend/default/logged_in_header.php"
      },
      {
          "root_directory"    : "update/update_4.3/application/views/frontend/default/logged_out_header.php",
          "update_directory"  : "application/views/frontend/default/logged_out_header.php"
      },
      {
          "root_directory"    : "update/update_4.3/application/views/frontend/default/menu.php",
          "update_directory"  : "application/views/frontend/default/menu.php"
      },
      {
          "root_directory"    : "update/update_4.3/application/views/frontend/default/modal.php",
          "update_directory"  : "application/views/frontend/default/modal.php"
      },
      {
          "root_directory"    : "update/update_4.3/application/views/frontend/default/my_courses.php",
          "update_directory"  : "application/views/frontend/default/my_courses.php"
      },
      {
          "root_directory"    : "update/update_4.3/application/views/frontend/default/my_messages.php",
          "update_directory"  : "application/views/frontend/default/my_messages.php"
      },
      {
          "root_directory"    : "update/update_4.3/application/views/frontend/default/my_wishlist.php",
          "update_directory"  : "application/views/frontend/default/my_wishlist.php"
      },
      {
          "root_directory"    : "update/update_4.3/application/views/frontend/default/paypal_checkout.php",
          "update_directory"  : "application/views/frontend/default/paypal_checkout.php"
      },
      {
          "root_directory"    : "update/update_4.3/application/views/frontend/default/purchase_history.php",
          "update_directory"  : "application/views/frontend/default/purchase_history.php"
      },
      {
          "root_directory"    : "update/update_4.3/application/views/frontend/default/stripe_checkout.php",
          "update_directory"  : "application/views/frontend/default/stripe_checkout.php"
      },
      {
          "root_directory"    : "update/update_4.3/application/views/frontend/default/update_user_photo.php",
          "update_directory"  : "application/views/frontend/default/update_user_photo.php"
      },
      {
          "root_directory"    : "update/update_4.3/application/views/frontend/default/user_credentials.php",
          "update_directory"  : "application/views/frontend/default/user_credentials.php"
      },
      {
          "root_directory"    : "update/update_4.3/application/views/frontend/default/user_profile.php",
          "update_directory"  : "application/views/frontend/default/user_profile.php"
      },
      {
          "root_directory"    : "update/update_4.3/application/views/frontend/default/verification_code.php",
          "update_directory"  : "application/views/frontend/default/verification_code.php"
      },
      {
          "root_directory"    : "update/update_4.3/application/views/frontend/default/wishlist_items.php",
          "update_directory"  : "application/views/frontend/default/wishlist_items.php"
      },
      {
          "root_directory"    : "update/update_4.3/application/views/lessons/course_content_sidebar.php",
          "update_directory"  : "application/views/lessons/course_content_sidebar.php"
      },
      {
          "root_directory"    : "update/update_4.3/application/views/lessons/index.php",
          "update_directory"  : "application/views/lessons/index.php"
      },
      {
          "root_directory"    : "update/update_4.3/application/views/lessons/lessons.php",
          "update_directory"  : "application/views/lessons/lessons.php"
      },
      {
          "root_directory"    : "update/update_4.3/application/views/mobile/includes_top.php",
          "update_directory"  : "application/views/mobile/includes_top.php"
      },
      {
          "root_directory"    : "update/update_4.3/application/views/mobile/payment_gateway.php",
          "update_directory"  : "application/views/mobile/payment_gateway.php"
      },
      {
          "root_directory"    : "update/update_4.3/application/views/payment/index.php",
          "update_directory"  : "application/views/payment/index.php"
      },
      {
          "root_directory"    : "update/update_4.3/application/views/payment/payment_gateway.php",
          "update_directory"  : "application/views/payment/payment_gateway.php"
      },
      {
          "root_directory"    : "update/update_4.3/application/views/payment/stripe/stripe_checkout.php",
          "update_directory"  : "application/views/payment/stripe/stripe_checkout.php"
      },
      {
          "root_directory"    : "update/update_4.3/assets/frontend/default/css/main.css",
          "update_directory"  : "assets/frontend/default/css/main.css"
      },
      {
          "root_directory"    : "update/update_4.3/assets/frontend/default/js/main.js",
          "update_directory"  : "assets/frontend/default/js/main.js"
      },
      {
          "root_directory"    : "update/update_4.3/assets/frontend/eu-cookie/purecookie.css",
          "update_directory"  : "assets/frontend/eu-cookie/purecookie.css"
      },
      {
          "root_directory"    : "update/update_4.3/application/config/routes.php",
          "update_directory"  : "application/config/routes.php"
      }
    ]
  }