<resources xmlns:tools="http://schemas.android.com/tools">
    <!-- Base application theme. -->
    <style name="Theme.SessionRattrapage2122" parent="Theme.MaterialComponents.DayNight.DarkActionBar">
        <!-- Primary brand color. -->
        <item name="colorPrimary">@color/colorPrimary</item>
        <item name="colorPrimaryVariant">@color/colorPrimaryVariant</item>
        <item name="colorOnPrimary">@color/white</item>
        <!-- Secondary brand color. -->
        <item name="colorSecondary">@color/colorSecondary</item>
        <item name="colorSecondaryVariant">@color/colorSecondaryVariant</item>
        <item name="colorOnSecondary">@color/black</item>
        <!-- Status bar color. -->
        <item name="android:statusBarColor" tools:targetApi="l">?attr/colorPrimaryVariant</item>
        <!-- Customize your theme here. -->
        <item name="textInputStyle">@style/Widget.MaterialComponents.TextInputLayout.OutlinedBox</item>

    </style>

    <style name="Theme.NoActionBar" parent="Theme.MaterialComponents.DayNight.NoActionBar">
        <!-- Primary brand color. -->
        <item name="colorPrimary">@color/colorPrimary</item>
        <item name="colorPrimaryVariant">@color/colorPrimaryVariant</item>
        <item name="colorOnPrimary">@color/white</item>
        <!-- Secondary brand color. -->
        <item name="colorSecondary">@color/colorSecondary</item>
        <item name="colorSecondaryVariant">@color/colorSecondaryVariant</item>
        <item name="colorOnSecondary">@color/black</item>
        <!-- Status bar color. -->
        <item name="android:statusBarColor" tools:targetApi="l">?attr/colorPrimaryVariant</item>
        <!-- Customize your theme here. -->
        <item name="textInputStyle">@style/Widget.MaterialComponents.TextInputLayout.OutlinedBox</item>

    </style>
</resources>